<?xml version="1.0" encoding="UTF-8"?>
<project-private xmlns="http://www.netbeans.org/ns/project-private/1">
    <editor-bookmarks xmlns="http://www.netbeans.org/ns/editor-bookmarks/2" lastBookmarkId="0"/>
    <open-files xmlns="http://www.netbeans.org/ns/projectui-open-files/2">
        <group>
            <file>file:/C:/Users/Bernardo/Documents/NetBeansProjects/Agenda/src/java/com/br/agenda/OperacoesBD.java</file>
            <file>file:/C:/Users/Bernardo/Documents/NetBeansProjects/Agenda/src/java/com/br/agenda/ObjetoConsulta.java</file>
            <file>file:/C:/Users/Bernardo/Documents/NetBeansProjects/Agenda/web/inserirConsulta.xhtml</file>
            <file>file:/C:/Users/Bernardo/Documents/NetBeansProjects/Agenda/web/buscarConsultas.xhtml</file>
            <file>file:/C:/Users/Bernardo/Documents/NetBeansProjects/Agenda/web/index.xhtml</file>
            <file>file:/C:/Users/Bernardo/Documents/NetBeansProjects/Agenda/web/templatePrincipal.xhtml</file>
            <file>file:/C:/Users/Bernardo/Documents/NetBeansProjects/Agenda/src/java/com/br/agenda/Conexao.java</file>
            <file>file:/C:/Users/Bernardo/Documents/NetBeansProjects/Agenda/src/java/com/br/agenda/ConsultaBean.java</file>
        </group>
    </open-files>
</project-private>
